sample,change,context,prob,label,num,ext.context
germline,C>A,A.A,0,CA.ACA,35,A[C>A]A
germline,C>A,A.C,0,CA.ACC,45,A[C>A]C
germline,C>A,A.G,0,CA.ACG,27,A[C>A]G
germline,C>A,A.T,0,CA.ACT,15,A[C>A]T
germline,C>A,C.A,0,CA.CCA,53,C[C>A]A
germline,C>A,C.C,0.01,CA.CCC,54,C[C>A]C
germline,C>A,C.G,0,CA.CCG,53,C[C>A]G
germline,C>A,C.T,0,CA.CCT,42,C[C>A]T
germline,C>A,G.A,0,CA.GCA,37,G[C>A]A
germline,C>A,G.C,0,CA.GCC,47,G[C>A]C
germline,C>A,G.G,0.01,CA.GCG,64,G[C>A]G
germline,C>A,G.T,0,CA.GCT,34,G[C>A]T
germline,C>A,T.A,0,CA.TCA,22,T[C>A]A
germline,C>A,T.C,0,CA.TCC,37,T[C>A]C
germline,C>A,T.G,0,CA.TCG,21,T[C>A]G
germline,C>A,T.T,0,CA.TCT,27,T[C>A]T
germline,C>G,A.A,0.01,CG.ACA,61,A[C>G]A
germline,C>G,A.C,0,CG.ACC,45,A[C>G]C
germline,C>G,A.G,0,CG.ACG,44,A[C>G]G
germline,C>G,A.T,0,CG.ACT,45,A[C>G]T
germline,C>G,C.A,0,CG.CCA,47,C[C>G]A
germline,C>G,C.C,0.01,CG.CCC,77,C[C>G]C
germline,C>G,C.G,0.01,CG.CCG,99,C[C>G]G
germline,C>G,C.T,0.01,CG.CCT,64,C[C>G]T
germline,C>G,G.A,0.01,CG.GCA,63,G[C>G]A
germline,C>G,G.C,0.01,CG.GCC,70,G[C>G]C
germline,C>G,G.G,0.01,CG.GCG,56,G[C>G]G
germline,C>G,G.T,0,CG.GCT,52,G[C>G]T
germline,C>G,T.A,0.01,CG.TCA,71,T[C>G]A
germline,C>G,T.C,0,CG.TCC,52,T[C>G]C
germline,C>G,T.G,0,CG.TCG,49,T[C>G]G
germline,C>G,T.T,0.01,CG.TCT,82,T[C>G]T
germline,C>T,A.A,0.02,CT.ACA,198,A[C>T]A
germline,C>T,A.C,0.01,CT.ACC,151,A[C>T]C
germline,C>T,A.G,0.06,CT.ACG,629,A[C>T]G
germline,C>T,A.T,0.02,CT.ACT,244,A[C>T]T
germline,C>T,C.A,0.02,CT.CCA,163,C[C>T]A
germline,C>T,C.C,0.02,CT.CCC,191,C[C>T]C
germline,C>T,C.G,0.06,CT.CCG,643,C[C>T]G
germline,C>T,C.T,0.02,CT.CCT,231,C[C>T]T
germline,C>T,G.A,0.01,CT.GCA,137,G[C>T]A
germline,C>T,G.C,0.02,CT.GCC,168,G[C>T]C
germline,C>T,G.G,0.04,CT.GCG,447,G[C>T]G
germline,C>T,G.T,0.02,CT.GCT,196,G[C>T]T
germline,C>T,T.A,0.01,CT.TCA,119,T[C>T]A
germline,C>T,T.C,0.01,CT.TCC,126,T[C>T]C
germline,C>T,T.G,0.03,CT.TCG,324,T[C>T]G
germline,C>T,T.T,0.01,CT.TCT,158,T[C>T]T
germline,T>A,A.A,0,TA.ATA,24,A[T>A]A
germline,T>A,A.C,0,TA.ATC,23,A[T>A]C
germline,T>A,A.G,0,TA.ATG,22,A[T>A]G
germline,T>A,A.T,0,TA.ATT,19,A[T>A]T
germline,T>A,C.A,0,TA.CTA,14,C[T>A]A
germline,T>A,C.C,0,TA.CTC,23,C[T>A]C
germline,T>A,C.G,0.01,TA.CTG,56,C[T>A]G
germline,T>A,C.T,0,TA.CTT,28,C[T>A]T
germline,T>A,G.A,0,TA.GTA,12,G[T>A]A
germline,T>A,G.C,0,TA.GTC,16,G[T>A]C
germline,T>A,G.G,0,TA.GTG,27,G[T>A]G
germline,T>A,G.T,0,TA.GTT,23,G[T>A]T
germline,T>A,T.A,0,TA.TTA,13,T[T>A]A
germline,T>A,T.C,0,TA.TTC,21,T[T>A]C
germline,T>A,T.G,0,TA.TTG,9,T[T>A]G
germline,T>A,T.T,0,TA.TTT,21,T[T>A]T
germline,T>C,A.A,0.02,TC.ATA,209,A[T>C]A
germline,T>C,A.C,0.01,TC.ATC,132,A[T>C]C
germline,T>C,A.G,0.06,TC.ATG,616,A[T>C]G
germline,T>C,A.T,0.02,TC.ATT,226,A[T>C]T
germline,T>C,C.A,0.01,TC.CTA,139,C[T>C]A
germline,T>C,C.C,0.02,TC.CTC,175,C[T>C]C
germline,T>C,C.G,0.06,TC.CTG,680,C[T>C]G
germline,T>C,C.T,0.02,TC.CTT,209,C[T>C]T
germline,T>C,G.A,0.01,TC.GTA,122,G[T>C]A
germline,T>C,G.C,0.01,TC.GTC,144,G[T>C]C
germline,T>C,G.G,0.04,TC.GTG,372,G[T>C]G
germline,T>C,G.T,0.02,TC.GTT,197,G[T>C]T
germline,T>C,T.A,0.01,TC.TTA,107,T[T>C]A
germline,T>C,T.C,0.01,TC.TTC,152,T[T>C]C
germline,T>C,T.G,0.03,TC.TTG,299,T[T>C]G
germline,T>C,T.T,0.02,TC.TTT,161,T[T>C]T
germline,T>G,A.A,0,TG.ATA,18,A[T>G]A
germline,T>G,A.C,0,TG.ATC,29,A[T>G]C
germline,T>G,A.G,0,TG.ATG,35,A[T>G]G
germline,T>G,A.T,0,TG.ATT,20,A[T>G]T
germline,T>G,C.A,0,TG.CTA,22,C[T>G]A
germline,T>G,C.C,0.01,TG.CTC,68,C[T>G]C
germline,T>G,C.G,0.01,TG.CTG,68,C[T>G]G
germline,T>G,C.T,0,TG.CTT,47,C[T>G]T
germline,T>G,G.A,0,TG.GTA,22,G[T>G]A
germline,T>G,G.C,0,TG.GTC,36,G[T>G]C
germline,T>G,G.G,0.01,TG.GTG,59,G[T>G]G
germline,T>G,G.T,0,TG.GTT,28,G[T>G]T
germline,T>G,T.A,0,TG.TTA,23,T[T>G]A
germline,T>G,T.C,0,TG.TTC,40,T[T>G]C
germline,T>G,T.G,0,TG.TTG,47,T[T>G]G
germline,T>G,T.T,0,TG.TTT,43,T[T>G]T
